phantom,algorithm,n_angles,noise,rmse,ssim,dice
phantom_000.npy,FBP,10,0.0,0.04588527520184102,0.41967374704355587,0.7708489265314162
phantom_000.npy,SIRT,10,0.0,0.023957047317227902,0.6121277096289021,0.9611808650678569
phantom_000.npy,SIRT-TV,10,0.0,0.02040504989451585,0.735975039356074,0.9743595255914319
phantom_000.npy,FBP,10,0.01,0.05000848691282555,0.36379440719531375,0.7049876576992583
phantom_000.npy,SIRT,10,0.01,0.023994465024778228,0.6109376732724845,0.9600720664139375
phantom_000.npy,SIRT-TV,10,0.01,0.020510037599190338,0.7332657441144446,0.973941171338644
phantom_000.npy,FBP,10,0.05,0.10282058539012516,0.22880713039087922,0.41547241840654564
phantom_000.npy,SIRT,10,0.05,0.024869491694920746,0.5861768922805147,0.9517016197919578
phantom_000.npy,SIRT-TV,10,0.05,0.022320890933335728,0.6723068688774397,0.964996857683065
phantom_000.npy,FBP,30,0.0,0.02340203299287319,0.512258155727227,0.9081375709912904
phantom_000.npy,SIRT,30,0.0,0.014976342333099439,0.8016537496697558,0.9899936634624459
phantom_000.npy,SIRT-TV,30,0.0,0.009257294952430748,0.9516781149828542,0.9975075327001459
phantom_000.npy,FBP,30,0.01,0.02616064906254997,0.4625690031961903,0.8874738911578054
phantom_000.npy,SIRT,30,0.01,0.015154127497540077,0.7951882282074255,0.9891890579999353
phantom_000.npy,SIRT-TV,30,0.01,0.009378550895353496,0.9484679583365997,0.9971764820098487
phantom_000.npy,FBP,30,0.05,0.05988157382839438,0.2673125118173958,0.588550698117537
phantom_000.npy,SIRT,30,0.05,0.018878331465205324,0.6865669921119882,0.968639884416262
phantom_000.npy,SIRT-TV,30,0.05,0.01174600989107032,0.8867169387182294,0.9901099804679865
phantom_000.npy,FBP,90,0.0,0.011146503897925613,0.7340624666765153,0.9827357957509543
phantom_000.npy,SIRT,90,0.0,0.008807155508103773,0.9387015856214007,0.9987772619304686
phantom_000.npy,SIRT-TV,90,0.0,0.00696895519083979,0.9744172109707773,0.9995239206282629
phantom_000.npy,FBP,90,0.01,0.013188081516526043,0.6740170917722578,0.9722444929066556
phantom_000.npy,SIRT,90,0.01,0.009387234462040369,0.9177754389518601,0.9982380698426414
phantom_000.npy,SIRT-TV,90,0.01,0.0069931914283196,0.9739270498361386,0.999379570608911
phantom_000.npy,FBP,90,0.05,0.03515480307559662,0.35729210812597123,0.7828565653033797
phantom_000.npy,SIRT,90,0.05,0.018500848540553227,0.6875341598817293,0.9641092649538077
phantom_000.npy,SIRT-TV,90,0.05,0.008069166488693321,0.9419247775769157,0.9964873833232349
phantom_000.npy,FBP,180,0.0,0.0070498889193362545,0.8531916883732126,0.9968887031936428
phantom_000.npy,SIRT,180,0.0,0.006953603548730166,0.967375581940496,0.9990863438774918
phantom_000.npy,SIRT-TV,180,0.0,0.006797182794598083,0.974857822775112,0.9995738287708736
phantom_000.npy,FBP,180,0.01,0.008667300474323009,0.7970832345677189,0.9939400005951785
phantom_000.npy,SIRT,180,0.01,0.007619749101214185,0.9461589763797856,0.9989675625704318
phantom_000.npy,SIRT-TV,180,0.01,0.006809423767346702,0.9746700917597996,0.9995023231662497
phantom_000.npy,FBP,180,0.05,0.02530840068308777,0.4461253285513678,0.8773019543508118
phantom_000.npy,SIRT,180,0.05,0.01705932769317313,0.7169746047949648,0.971325259668154
phantom_000.npy,SIRT-TV,180,0.05,0.007322247126564954,0.9601429511336579,0.9977264110082187
phantom_002.npy,FBP,10,0.0,0.04942904439574745,0.35910818285771384,0.7803624454016291
phantom_002.npy,SIRT,10,0.0,0.026934446076539314,0.5654335949110136,0.9563317342445948
phantom_002.npy,SIRT-TV,10,0.0,0.02298223470195422,0.6909498685228349,0.9685419780335637
phantom_002.npy,FBP,10,0.01,0.05515402654499922,0.2887677438510283,0.7069581744253031
phantom_002.npy,SIRT,10,0.01,0.02698814739221294,0.5637267829168556,0.956642574895391
phantom_002.npy,SIRT-TV,10,0.01,0.023217025643523924,0.6875822461852437,0.9673031916035705
phantom_002.npy,FBP,10,0.05,0.12710893506755486,0.1551353369425112,0.40794348724340823
phantom_002.npy,SIRT,10,0.05,0.02823516089796476,0.5288150920734753,0.946638536945375
phantom_002.npy,SIRT-TV,10,0.05,0.02529562252873538,0.6157821646585154,0.9598191379258306
phantom_002.npy,FBP,30,0.0,0.02553025343287324,0.45929503910085806,0.9222841539146648
phantom_002.npy,SIRT,30,0.0,0.016238061920030755,0.7714378846616925,0.9918382365893615
phantom_002.npy,SIRT-TV,30,0.0,0.009874795140605375,0.9424515060512284,0.9972378885628199
phantom_002.npy,FBP,30,0.01,0.02952620070244865,0.3931189672278696,0.8914307232924192
phantom_002.npy,SIRT,30,0.01,0.01649494695783083,0.7621681130402109,0.9907470609058923
phantom_002.npy,SIRT-TV,30,0.01,0.010097114168579259,0.9370848015030473,0.9968335803068871
phantom_002.npy,FBP,30,0.05,0.07487251314638307,0.19178715665115117,0.5492693062449497
phantom_002.npy,SIRT,30,0.05,0.021788329504902938,0.616742296051892,0.9657427166517705
phantom_002.npy,SIRT-TV,30,0.05,0.013525069513397396,0.84355524414975,0.9892379102533257
phantom_002.npy,FBP,90,0.0,0.012344113094467781,0.6923298758379258,0.9867580209499968
phantom_002.npy,SIRT,90,0.0,0.009605955719100863,0.924241300321762,0.9990738208857801
phantom_002.npy,SIRT-TV,90,0.0,0.00765330375259621,0.9666093909576446,0.999073520914335
phantom_002.npy,FBP,90,0.01,0.015293786070885705,0.6115293480904351,0.9737455330224359
phantom_002.npy,SIRT,90,0.01,0.01043986960566984,0.8939086765778996,0.9986111424211208
phantom_002.npy,SIRT-TV,90,0.01,0.007696073380416631,0.9657619070947054,0.9988402412768317
phantom_002.npy,FBP,90,0.05,0.044322323313121074,0.2731556664605148,0.7383690780555695
phantom_002.npy,SIRT,90,0.05,0.022602244678245745,0.6014421272745055,0.9570675045372313
phantom_002.npy,SIRT-TV,90,0.05,0.009162996164510934,0.9209718401818345,0.9953868603976087
phantom_002.npy,FBP,180,0.0,0.008135626138395195,0.8186461991177305,0.9984166597996398
phantom_002.npy,SIRT,180,0.0,0.007567540311603525,0.9585389547991117,0.9995432787489366
phantom_002.npy,SIRT-TV,180,0.0,0.007480682404118045,0.9671300857490177,0.9991978476067161
phantom_002.npy,FBP,180,0.01,0.010448720084871887,0.7419294119463329,0.9942119025617836
phantom_002.npy,SIRT,180,0.01,0.008524031895843128,0.9272475556181192,0.9992874065027342
phantom_002.npy,SIRT-TV,180,0.01,0.007499185154265053,0.9667256812559656,0.9990312308070562
phantom_002.npy,FBP,180,0.05,0.032234672037262095,0.3542291954466813,0.841924081000532
phantom_002.npy,SIRT,180,0.05,0.02099165037057781,0.6325115534208379,0.9648093955761717
phantom_002.npy,SIRT-TV,180,0.05,0.008312163532194492,0.9422196652663446,0.9970491125286783
phantom_003.npy,FBP,10,0.0,0.05433536482018014,0.4258279997626644,0.7691745988280839
phantom_003.npy,SIRT,10,0.0,0.02805785531098581,0.6239998218974104,0.958418639680613
phantom_003.npy,SIRT-TV,10,0.0,0.025055726210293658,0.7277231857028433,0.9668576620219024
phantom_003.npy,FBP,10,0.01,0.05968365956245098,0.3662725373850648,0.6798460532756335
phantom_003.npy,SIRT,10,0.01,0.02810880409169981,0.6223432151527759,0.9591475418257474
phantom_003.npy,SIRT-TV,10,0.01,0.02498696651921579,0.7265695334199933,0.9671071588027084
phantom_003.npy,FBP,10,0.05,0.13058639149126733,0.24709878586453338,0.4025836793991303
phantom_003.npy,SIRT,10,0.05,0.02932672093258083,0.5902725876974508,0.9497117793115518
phantom_003.npy,SIRT-TV,10,0.05,0.026871540218164205,0.6669227902814241,0.960247160315001
phantom_003.npy,FBP,30,0.0,0.02761364072963901,0.5201890962913946,0.9217526638258774
phantom_003.npy,SIRT,30,0.0,0.016952800987069975,0.7931394266084543,0.9896114731757966
phantom_003.npy,SIRT-TV,30,0.0,0.011098560403887636,0.9390214674002952,0.9975412571473191
phantom_003.npy,FBP,30,0.01,0.03148982853630094,0.46199344825158295,0.8950051504426939
phantom_003.npy,SIRT,30,0.01,0.01720595819194213,0.7850306292370681,0.9894250283316274
phantom_003.npy,SIRT-TV,30,0.01,0.011398436761655287,0.933770810144002,0.9972266255107686
phantom_003.npy,FBP,30,0.05,0.07611261107621288,0.28243100680451094,0.5541120754786518
phantom_003.npy,SIRT,30,0.05,0.022410416667432542,0.6587440312505369,0.9675106559235828
phantom_003.npy,SIRT-TV,30,0.05,0.015025626986385422,0.8556389667150535,0.9886565636240392
phantom_003.npy,FBP,90,0.0,0.013706610835058709,0.7197637879337225,0.9806898381137052
phantom_003.npy,SIRT,90,0.0,0.01023640754339385,0.9242895670295364,0.9989840253807579
phantom_003.npy,SIRT-TV,90,0.0,0.008239740660795216,0.9650796927871605,0.9990850052444822
phantom_003.npy,FBP,90,0.01,0.016565363558195503,0.6517166925230866,0.9699692532588003
phantom_003.npy,SIRT,90,0.01,0.011043556571590696,0.8984983312594264,0.9983267040536944
phantom_003.npy,SIRT-TV,90,0.01,0.00829356237952603,0.964150742586236,0.9989984944870701
phantom_003.npy,FBP,90,0.05,0.04550274313340925,0.3544954289597336,0.7449154521868978
phantom_003.npy,SIRT,90,0.05,0.023017446973084593,0.6449655885609851,0.9602169415010345
phantom_003.npy,SIRT-TV,90,0.05,0.010156190139575944,0.922452565225703,0.9955530607674014
phantom_003.npy,FBP,180,0.0,0.009027849146809083,0.8273440204635618,0.9967412990261171
phantom_003.npy,SIRT,180,0.0,0.008056961693936129,0.9565123344256021,0.9996872574150708
phantom_003.npy,SIRT-TV,180,0.0,0.008033276946486352,0.9656511125760048,0.999293161335925
phantom_003.npy,FBP,180,0.01,0.01131366021122823,0.764853487095233,0.9909176942262418
phantom_003.npy,SIRT,180,0.01,0.008982171236176496,0.9289511433212609,0.9994349940660414
phantom_003.npy,SIRT-TV,180,0.01,0.008053170837153283,0.9652913198996568,0.999214144286829
phantom_003.npy,FBP,180,0.05,0.03329254346485198,0.42742988835894824,0.8509026856943577
phantom_003.npy,SIRT,180,0.05,0.02140098161764216,0.6723878029441862,0.9663917281075227
phantom_003.npy,SIRT-TV,180,0.05,0.008968023328014057,0.9441129297551102,0.9974798204360441
phantom_004.npy,FBP,10,0.0,0.03937397679376109,0.45875429744314566,0.8334644332104375
phantom_004.npy,SIRT,10,0.0,0.020982959579305314,0.652343010367273,0.9699162485839132
phantom_004.npy,SIRT-TV,10,0.0,0.01775360042927093,0.7470617628458447,0.9806416539613896
phantom_004.npy,FBP,10,0.01,0.04450836679225891,0.39757232856908464,0.7702265702723297
phantom_004.npy,SIRT,10,0.01,0.02102740307343947,0.650897177295054,0.969429232424387
phantom_004.npy,SIRT-TV,10,0.01,0.01790913230276038,0.7445575525914983,0.9798650585962048
phantom_004.npy,FBP,10,0.05,0.10269371919058688,0.2767528269919032,0.4775328063957565
phantom_004.npy,SIRT,10,0.05,0.022041261760769277,0.6202559625192754,0.9614942239321577
phantom_004.npy,SIRT-TV,10,0.05,0.019799119864002054,0.6884206752570571,0.9725904085733967
phantom_004.npy,FBP,30,0.0,0.020299259019494507,0.5541477661318995,0.9517616951581533
phantom_004.npy,SIRT,30,0.0,0.012277950154576176,0.8318906288408472,0.9956682824986695
phantom_004.npy,SIRT-TV,30,0.0,0.007425135862559772,0.9619400158310154,0.998886502577731
phantom_004.npy,FBP,30,0.01,0.02389601633056219,0.49392725176291435,0.9245289959474953
phantom_004.npy,SIRT,30,0.01,0.012505482824178987,0.8236472627197821,0.995463694658873
phantom_004.npy,SIRT-TV,30,0.01,0.007571732856743564,0.9585858988218394,0.9983938885399829
phantom_004.npy,FBP,30,0.05,0.061728965090252975,0.3125937535950847,0.6140814970518754
phantom_004.npy,SIRT,30,0.05,0.017056317593853933,0.6930334801235059,0.979901247136676
phantom_004.npy,SIRT-TV,30,0.05,0.01024834418070598,0.8824233978991981,0.9927450968312932
phantom_004.npy,FBP,90,0.0,0.010067884135642866,0.7569023304851775,0.9949765838502274
phantom_004.npy,SIRT,90,0.0,0.00753208133578889,0.9456059596826332,0.9997269339004865
phantom_004.npy,SIRT-TV,90,0.0,0.0063695715552332536,0.9689495463124196,0.9996136398525856
phantom_004.npy,FBP,90,0.01,0.012632381650675803,0.6848089603743719,0.9877570468400475
phantom_004.npy,SIRT,90,0.01,0.008244789228451429,0.922161369255436,0.999521930412026
phantom_004.npy,SIRT-TV,90,0.01,0.006396650017391136,0.9684373376445712,0.9994138739839367
phantom_004.npy,FBP,90,0.05,0.037375738610272345,0.38688445877146316,0.7851690599692951
phantom_004.npy,SIRT,90,0.05,0.01842022749130716,0.6735824657125058,0.9734599419795048
phantom_004.npy,SIRT-TV,90,0.05,0.007482407872870889,0.939540352831068,0.9968225867046817
phantom_004.npy,FBP,180,0.0,0.006809160106813979,0.8586304615121475,0.9996113414082225
phantom_004.npy,SIRT,180,0.0,0.00600057821696868,0.9685897632556428,0.9999814483480784
phantom_004.npy,SIRT-TV,180,0.0,0.006249136188124303,0.9693662888081805,0.9997351839544145
phantom_004.npy,FBP,180,0.01,0.008706973459870261,0.7956561578611356,0.9982304133779099
phantom_004.npy,SIRT,180,0.01,0.006803706465635652,0.9459510709678717,0.9999196124909822
phantom_004.npy,SIRT-TV,180,0.01,0.0062632779260872904,0.9691134284229721,0.9997547544659418
phantom_004.npy,FBP,180,0.05,0.027055946639995557,0.45882858710472296,0.8821748592178256
phantom_004.npy,SIRT,180,0.05,0.017158235277228658,0.6998034501888313,0.9802420479376278
phantom_004.npy,SIRT-TV,180,0.05,0.006814961046626802,0.9556896360759599,0.9982636528788759
phantom_005.npy,FBP,10,0.0,0.0409649012120775,0.39971692641346673,0.8141277379956484
phantom_005.npy,SIRT,10,0.0,0.021564494710311594,0.623745090628276,0.9688109498579437
phantom_005.npy,SIRT-TV,10,0.0,0.018186690275115824,0.7392660623028734,0.9790125673596188
phantom_005.npy,FBP,10,0.01,0.04586236652307664,0.33223357211138504,0.7583945714405563
phantom_005.npy,SIRT,10,0.01,0.02160922891044683,0.6220521336584589,0.9686098826890237
phantom_005.npy,SIRT-TV,10,0.01,0.01821886703244545,0.7378128587955161,0.9781522386391448
phantom_005.npy,FBP,10,0.05,0.10435583633185501,0.1935319012999411,0.46861792641851924
phantom_005.npy,SIRT,10,0.05,0.02263308367929661,0.5888929600740136,0.961189504083328
phantom_005.npy,SIRT-TV,10,0.05,0.019997198403451117,0.6750631860207761,0.9713395650580939
phantom_005.npy,FBP,30,0.0,0.020688102087286324,0.5069218515179048,0.9411701961575272
phantom_005.npy,SIRT,30,0.0,0.013066932057557774,0.8080229540718402,0.995158012175305
phantom_005.npy,SIRT-TV,30,0.0,0.007637742699705505,0.9576910750592174,0.9981861295227812
phantom_005.npy,FBP,30,0.01,0.024224536893561802,0.4438454784427902,0.9148624640137861
phantom_005.npy,SIRT,30,0.01,0.013279011783097705,0.7997916157815429,0.9949370922058787
phantom_005.npy,SIRT-TV,30,0.01,0.007747525141136898,0.9544567776195523,0.9977410990858586
phantom_005.npy,FBP,30,0.05,0.06198134776573591,0.23571664662022032,0.6111180180141558
phantom_005.npy,SIRT,30,0.05,0.017641734775420387,0.6664401072218663,0.9795388976790708
phantom_005.npy,SIRT-TV,30,0.05,0.01030568392255622,0.8767727797174844,0.9925889859975384
phantom_005.npy,FBP,90,0.0,0.010275289453452002,0.7311848390533218,0.9958061550584424
phantom_005.npy,SIRT,90,0.0,0.007840816078792478,0.9406328006506649,0.9994481204030276
phantom_005.npy,SIRT-TV,90,0.0,0.0064275439104848455,0.9685092947676144,0.9994132652565605
phantom_005.npy,FBP,90,0.01,0.012715730257631523,0.6568843006478144,0.9883958632789175
phantom_005.npy,SIRT,90,0.01,0.008524489656706146,0.9165239883862871,0.9991354371676533
phantom_005.npy,SIRT-TV,90,0.01,0.006458837163892244,0.9679815668330414,0.9993433182633293
phantom_005.npy,FBP,90,0.05,0.03722647157793488,0.326175128486452,0.7842507407147299
phantom_005.npy,SIRT,90,0.05,0.018462941788645947,0.6503311942583246,0.9751819003062216
phantom_005.npy,SIRT-TV,90,0.05,0.007451597764389426,0.9375755975385649,0.9964750115979106
phantom_005.npy,FBP,180,0.0,0.0069897360759713385,0.844099853118006,0.9993845447819023
phantom_005.npy,SIRT,180,0.0,0.006245414243542999,0.9659557171595559,0.9996803128076017
phantom_005.npy,SIRT-TV,180,0.0,0.0062847311739341735,0.9689744327812422,0.9994744404150464
phantom_005.npy,FBP,180,0.01,0.008801215232657736,0.778352788344183,0.9984030188972856
phantom_005.npy,SIRT,180,0.01,0.007015405919391258,0.9426960321798001,0.9995908971208292
phantom_005.npy,SIRT-TV,180,0.01,0.006301977922253471,0.9686753024886776,0.9994608305541011
phantom_005.npy,FBP,180,0.05,0.026937731738731676,0.4117036340248261,0.8811555433478035
phantom_005.npy,SIRT,180,0.05,0.01713162023226475,0.6800449329110256,0.981100390963163
phantom_005.npy,SIRT-TV,180,0.05,0.006768322931652677,0.9560650054803772,0.9977633847444201
phantom_006.npy,FBP,10,0.0,0.03649074728864823,0.4102046985214695,0.8468537748464334
phantom_006.npy,SIRT,10,0.0,0.019308560139417463,0.6447134966475343,0.9787411718942376
phantom_006.npy,SIRT-TV,10,0.0,0.015552439915968075,0.7604520766383812,0.987422741238011
phantom_006.npy,FBP,10,0.01,0.041375174146853634,0.34605334359162876,0.7896688954508704
phantom_006.npy,SIRT,10,0.01,0.01935067539928823,0.6431193645704085,0.9787078737410198
phantom_006.npy,SIRT-TV,10,0.01,0.015617078067989607,0.7588001358756077,0.9874541615134936
phantom_006.npy,FBP,10,0.05,0.09651618210168948,0.21395384701187292,0.49406373372661955
phantom_006.npy,SIRT,10,0.05,0.020324687812350008,0.6098965326658439,0.9719569164344561
phantom_006.npy,SIRT-TV,10,0.05,0.017869810268021993,0.6888163908190549,0.9816268259994532
phantom_006.npy,FBP,30,0.0,0.01889185076450112,0.521667525738294,0.9629335470446386
phantom_006.npy,SIRT,30,0.0,0.01196560199931526,0.8278617256502611,0.9962833744032661
phantom_006.npy,SIRT-TV,30,0.0,0.007169875217210947,0.9598144612966356,0.9985682895132184
phantom_006.npy,FBP,30,0.01,0.022321399641520443,0.4563219724167688,0.9381625885996142
phantom_006.npy,SIRT,30,0.01,0.01216587202431309,0.8196732417990956,0.9951133936330633
phantom_006.npy,SIRT-TV,30,0.01,0.0072452553540362065,0.9575943946905665,0.9986169066864596
phantom_006.npy,FBP,30,0.05,0.05820889926202151,0.2515446727661324,0.6383982365622277
phantom_006.npy,SIRT,30,0.05,0.016261254509771648,0.6832331507612125,0.9856620161615762
phantom_006.npy,SIRT-TV,30,0.05,0.009437326642236772,0.8899175971446164,0.9941572554637972
phantom_006.npy,FBP,90,0.0,0.009663081754629843,0.7416239797752231,0.9975461089658059
phantom_006.npy,SIRT,90,0.0,0.007300039274991051,0.9445374335990953,0.9996286191516575
phantom_006.npy,SIRT-TV,90,0.0,0.006274570033616241,0.9664366130888562,0.9997101197205555
phantom_006.npy,FBP,90,0.01,0.011957399056049676,0.6674792693416641,0.9930404307054205
phantom_006.npy,SIRT,90,0.01,0.007934992544859397,0.922536439794121,0.9995190605105204
phantom_006.npy,SIRT-TV,90,0.01,0.006292558615236613,0.9660411342550698,0.9993842096874683
phantom_006.npy,FBP,90,0.05,0.03502545977510626,0.3337040007857153,0.8090169358388857
phantom_006.npy,SIRT,90,0.05,0.017172849324278226,0.6614913232645896,0.9838043714883534
phantom_006.npy,SIRT-TV,90,0.05,0.0070811752453508086,0.9422835050681951,0.9974018640335993
phantom_006.npy,FBP,180,0.0,0.006732181004748089,0.8496970922568954,0.9997797793987706
phantom_006.npy,SIRT,180,0.0,0.005842650767520129,0.9673056018308893,0.9999655684824762
phantom_006.npy,SIRT-TV,180,0.0,0.00614352499874197,0.9668546482058376,0.999769895438313
phantom_006.npy,FBP,180,0.01,0.008400793363335065,0.7870112778281464,0.9991915720479692
phantom_006.npy,SIRT,180,0.01,0.006559100131172966,0.9465666188990958,0.9998794991877521
phantom_006.npy,SIRT-TV,180,0.01,0.006157357879173753,0.9666358776268469,0.9995896906376098
phantom_006.npy,FBP,180,0.05,0.025363808106190825,0.41551675917743497,0.9011942302905155
phantom_006.npy,SIRT,180,0.05,0.015998862368966277,0.691204957546828,0.9875283742766304
phantom_006.npy,SIRT-TV,180,0.05,0.006535326720737903,0.9568533886914079,0.9980422419767204
phantom_007.npy,FBP,10,0.0,0.047970426716786564,0.4153378143892108,0.731454472533279
phantom_007.npy,SIRT,10,0.0,0.025988615070175212,0.5960203184386585,0.956636469289255
phantom_007.npy,SIRT-TV,10,0.0,0.022648597693716903,0.7070985335857296,0.9713249186043967
phantom_007.npy,FBP,10,0.01,0.05287770597162583,0.3551828597361857,0.6802402442881065
phantom_007.npy,SIRT,10,0.01,0.026034510894532844,0.5945660372695427,0.9552591543289958
phantom_007.npy,SIRT-TV,10,0.01,0.022982963375878757,0.7032482586290355,0.9687949664291104
phantom_007.npy,FBP,10,0.05,0.11718397066130187,0.23907409404796875,0.41091111619613413
phantom_007.npy,SIRT,10,0.05,0.02711810844155105,0.5636808511263334,0.9412219524272598
phantom_007.npy,SIRT-TV,10,0.05,0.02472912673896069,0.6381471593976007,0.9594251298910934
phantom_007.npy,FBP,30,0.0,0.02487008044604674,0.4882574216391346,0.894484616265708
phantom_007.npy,SIRT,30,0.0,0.015514991116036176,0.7812137729767777,0.9920465045127734
phantom_007.npy,SIRT-TV,30,0.0,0.009266510658682621,0.9554266812307233,0.9974207545485342
phantom_007.npy,FBP,30,0.01,0.02842270547293185,0.4389160002390201,0.8605097585791103
phantom_007.npy,SIRT,30,0.01,0.01574725489828794,0.7725502065603891,0.9913973095927652
phantom_007.npy,SIRT-TV,30,0.01,0.009436695275770922,0.9500675353260335,0.9970620301970924
phantom_007.npy,FBP,30,0.05,0.0693459176499961,0.27233358383347295,0.5492672581328862
phantom_007.npy,SIRT,30,0.05,0.02063663340544801,0.6420801262921403,0.9626793657388341
phantom_007.npy,SIRT-TV,30,0.05,0.012404172498973971,0.8573918542803738,0.989570455370867
phantom_007.npy,FBP,90,0.0,0.011791567699522077,0.7062788141440325,0.9848242329993886
phantom_007.npy,SIRT,90,0.0,0.009240249422628835,0.9322907006349216,0.9984369970269896
phantom_007.npy,SIRT-TV,90,0.0,0.007447425078077146,0.9702285934247367,0.998886015272963
phantom_007.npy,FBP,90,0.01,0.014502982569471506,0.6360507087232913,0.9693289579080644
phantom_007.npy,SIRT,90,0.01,0.010007079664158548,0.9026563417400217,0.9980410162228344
phantom_007.npy,SIRT-TV,90,0.01,0.00747992516777078,0.9695024107297857,0.9987110786095302
phantom_007.npy,FBP,90,0.05,0.04115799638133189,0.3447856359062493,0.7323447683524479
phantom_007.npy,SIRT,90,0.05,0.021232263066530848,0.6356807584603659,0.9482900333199734
phantom_007.npy,SIRT-TV,90,0.05,0.008732628479554957,0.9258387477022305,0.9948057034453216
phantom_007.npy,FBP,180,0.0,0.007459763547061137,0.8347152090046714,0.9969606950907499
phantom_007.npy,SIRT,180,0.0,0.007325823265420033,0.9642239609827856,0.9987145459531458
phantom_007.npy,SIRT-TV,180,0.0,0.007299390381649796,0.9706398497827439,0.9989336881184486
phantom_007.npy,FBP,180,0.01,0.009571988853300396,0.762028660001274,0.9947314305626106
phantom_007.npy,SIRT,180,0.01,0.00818679211448577,0.9346967056448152,0.9984974890801621
phantom_007.npy,SIRT-TV,180,0.01,0.007314614161966738,0.9703164327139757,0.9988030102031459
phantom_007.npy,FBP,180,0.05,0.029775829835502702,0.4177457966806222,0.8312043522135741
phantom_007.npy,SIRT,180,0.05,0.01966966127188247,0.6644980609121831,0.9590328657900684
phantom_007.npy,SIRT-TV,180,0.05,0.007959928036757826,0.9474347725408394,0.9965758075112029
phantom_008.npy,FBP,10,0.0,0.03818741147655833,0.5450705873598327,0.8030604745243135
phantom_008.npy,SIRT,10,0.0,0.02128918302870086,0.6962519000970921,0.9594707993124476
phantom_008.npy,SIRT-TV,10,0.0,0.018231274816872943,0.779542359228328,0.9721836489587862
phantom_008.npy,FBP,10,0.01,0.04278167052461398,0.489891732250886,0.7374185748807874
phantom_008.npy,SIRT,10,0.01,0.021327803666767953,0.6950895457469624,0.9598639803573793
phantom_008.npy,SIRT-TV,10,0.01,0.018083098056425155,0.7792276717062497,0.9733630430901673
phantom_008.npy,FBP,10,0.05,0.09876328335857741,0.3887780723351971,0.4505931086144549
phantom_008.npy,SIRT,10,0.05,0.022271601253710267,0.669273259222511,0.9478794264855305
phantom_008.npy,SIRT-TV,10,0.05,0.02004892607281061,0.7286645949485346,0.9634380642070965
phantom_008.npy,FBP,30,0.0,0.01904853711412437,0.6170669721006979,0.9317383379393215
phantom_008.npy,SIRT,30,0.0,0.012653139276881163,0.8354954054750509,0.993385244791534
phantom_008.npy,SIRT-TV,30,0.0,0.007444808091915204,0.9608948000156615,0.9975790893506801
phantom_008.npy,FBP,30,0.01,0.022362843417411682,0.5669840879593254,0.9016730704836804
phantom_008.npy,SIRT,30,0.01,0.012852632352750694,0.8288308838698437,0.9928352125705552
phantom_008.npy,SIRT-TV,30,0.01,0.007566421182895826,0.9573819712688293,0.9973770280330129
phantom_008.npy,FBP,30,0.05,0.05798982408096262,0.41620187894330324,0.58775581653065
phantom_008.npy,SIRT,30,0.05,0.016957117360755315,0.7223468492298437,0.9726799681780336
phantom_008.npy,SIRT-TV,30,0.05,0.010134102493397388,0.8842159122149795,0.9919696239377979
phantom_008.npy,FBP,90,0.0,0.0093755437477214,0.7822376564359097,0.9942207742357778
phantom_008.npy,SIRT,90,0.0,0.007434815999330625,0.9501487068621627,0.9992282518964298
phantom_008.npy,SIRT-TV,90,0.0,0.006087909849149558,0.974398489886037,0.9993210567851971
phantom_008.npy,FBP,90,0.01,0.01168974481460737,0.7208145009347853,0.9854935907703863
phantom_008.npy,SIRT,90,0.01,0.008094327500699808,0.928353356300817,0.9989340552543817
phantom_008.npy,SIRT-TV,90,0.01,0.006116003012632515,0.9739055565099902,0.999179917938018
phantom_008.npy,FBP,90,0.05,0.03469905258405484,0.4729794964961938,0.7607910752699796
phantom_008.npy,SIRT,90,0.05,0.017629405552476312,0.7101590666928648,0.9683342354730146
phantom_008.npy,SIRT-TV,90,0.05,0.007046857019994449,0.9457329252310893,0.9962367816957062
phantom_008.npy,FBP,180,0.0,0.006240815217177265,0.8723797624954286,0.9992613153967974
phantom_008.npy,SIRT,180,0.0,0.005867574825161902,0.9727884499851961,0.9996261380599524
phantom_008.npy,SIRT-TV,180,0.0,0.00595075858713243,0.9747345058348864,0.9994406587319088
phantom_008.npy,FBP,180,0.01,0.007992157294000702,0.8147918653945185,0.997997475311616
phantom_008.npy,SIRT,180,0.01,0.0066117177183577834,0.9515486964811175,0.9995508349896853
phantom_008.npy,SIRT-TV,180,0.01,0.005960467835265575,0.9745178901602516,0.9994312046762237
phantom_008.npy,FBP,180,0.05,0.02502628098630598,0.5312586270877291,0.8624101733453787
phantom_008.npy,SIRT,180,0.05,0.016365674648598432,0.7332214521366919,0.9736522982418979
phantom_008.npy,SIRT-TV,180,0.05,0.006420606812929301,0.9603210887265287,0.9977338344166842
phantom_009.npy,FBP,10,0.0,0.05682682066350782,0.4664852269208514,0.5882325976498429
phantom_009.npy,SIRT,10,0.0,0.03002032773610864,0.6273979635998659,0.9340211138200641
phantom_009.npy,SIRT-TV,10,0.0,0.026636572006501987,0.7114469676376166,0.9539668503494954
phantom_009.npy,FBP,10,0.01,0.06190766940746829,0.41147186066876973,0.534133174074753
phantom_009.npy,SIRT,10,0.01,0.03006812205489653,0.6257374547524834,0.9336169109563063
phantom_009.npy,SIRT-TV,10,0.01,0.026591266772311696,0.7106100099777715,0.9543312283727647
phantom_009.npy,FBP,10,0.05,0.1289908062813267,0.3187178752395169,0.38811310381717956
phantom_009.npy,SIRT,10,0.05,0.031198866388426793,0.5949852098197659,0.921271996790669
phantom_009.npy,SIRT-TV,10,0.05,0.02842374333269686,0.6677622124065328,0.9423132512201237
phantom_009.npy,FBP,30,0.0,0.028671378323748966,0.5227440654234706,0.8555185760422059
phantom_009.npy,SIRT,30,0.0,0.018035901103751893,0.7692506035201346,0.9895600643808223
phantom_009.npy,SIRT-TV,30,0.0,0.011025573034572873,0.9455762349541359,0.997112751264313
phantom_009.npy,FBP,30,0.01,0.0325700698822768,0.48148663195607255,0.8091376128485211
phantom_009.npy,SIRT,30,0.01,0.01829245194770399,0.7604922470903286,0.9888731830196421
phantom_009.npy,SIRT-TV,30,0.01,0.011293438745524558,0.9366291366541725,0.9962393279047719
phantom_009.npy,FBP,30,0.05,0.07824474542372056,0.3479038489411901,0.4940316287640589
phantom_009.npy,SIRT,30,0.05,0.023682530808000417,0.6415000503862718,0.9483508142835798
phantom_009.npy,SIRT-TV,30,0.05,0.014830557021490465,0.8327311649328328,0.9877199136666813
phantom_009.npy,FBP,90,0.0,0.013701838327193393,0.6946232370216062,0.9763378927330887
phantom_009.npy,SIRT,90,0.0,0.010794030089200652,0.9172808490446941,0.9989825524788721
phantom_009.npy,SIRT-TV,90,0.0,0.008427346257665745,0.9733817706941745,0.9994524055216993
phantom_009.npy,FBP,90,0.01,0.01672948242614946,0.632400108982027,0.9519990110025961
phantom_009.npy,SIRT,90,0.01,0.011647554226774187,0.8831242845254217,0.9981463573852191
phantom_009.npy,SIRT-TV,90,0.01,0.00846845099077952,0.9723074612721945,0.9990432252802766
phantom_009.npy,FBP,90,0.05,0.0468308156177035,0.4097121728216352,0.660946233381011
phantom_009.npy,SIRT,90,0.05,0.02441395162161195,0.6312583910468903,0.9267898174621675
phantom_009.npy,SIRT-TV,90,0.05,0.010192867858694691,0.9104821859631048,0.9941881083505268
phantom_009.npy,FBP,180,0.0,0.008689471056772919,0.8160381634725808,0.9969935101287607
phantom_009.npy,SIRT,180,0.0,0.008461289929823812,0.9571796870571747,0.9996483667303825
phantom_009.npy,SIRT-TV,180,0.0,0.008187900636671942,0.9738997113790422,0.9995096196084015
phantom_009.npy,FBP,180,0.01,0.011084359185562106,0.7421969710870311,0.9920380900704046
phantom_009.npy,SIRT,180,0.01,0.009433053574327818,0.9212281673138107,0.9994622046688422
phantom_009.npy,SIRT-TV,180,0.01,0.008205578950450038,0.9733925545836823,0.9994658139158517
phantom_009.npy,FBP,180,0.05,0.0339493077594387,0.4670088448891657,0.7781648281772691
phantom_009.npy,SIRT,180,0.05,0.022541472156053694,0.6549006206882227,0.940511482191929
phantom_009.npy,SIRT-TV,180,0.05,0.009120188409242601,0.937633291689419,0.9966339725213299
phantom_010.npy,FBP,10,0.0,0.0468986380330153,0.3752384221076964,0.7838563520390707
phantom_010.npy,SIRT,10,0.0,0.02608090096420637,0.5832184297659313,0.9598881422835708
phantom_010.npy,SIRT-TV,10,0.0,0.022217729099243223,0.6896925317011182,0.9729583037879385
phantom_010.npy,FBP,10,0.01,0.052167147253624785,0.3118832448305988,0.7248661238776726
phantom_010.npy,SIRT,10,0.01,0.026123167968330946,0.5815866077528788,0.960002849431026
phantom_010.npy,SIRT-TV,10,0.01,0.022605447772613033,0.685367029153398,0.970816860203163
phantom_010.npy,FBP,10,0.05,0.1156575047668468,0.18484850161865843,0.4642306861924246
phantom_010.npy,SIRT,10,0.05,0.02715250408325389,0.5487994011575672,0.9504515553958625
phantom_010.npy,SIRT-TV,10,0.05,0.024488559414586483,0.6274347793135495,0.9603313122432715
phantom_010.npy,FBP,30,0.0,0.024195871097613758,0.4643374619143098,0.9277187379155268
phantom_010.npy,SIRT,30,0.0,0.015123210579408842,0.7764347786526327,0.9920582313877503
phantom_010.npy,SIRT-TV,30,0.0,0.008919530782981468,0.9480668933137941,0.9961694650630936
phantom_010.npy,FBP,30,0.01,0.027999550224618478,0.40727917369799815,0.8970577091941573
phantom_010.npy,SIRT,30,0.01,0.015349850602366604,0.7678923866491061,0.9915720335351604
phantom_010.npy,SIRT-TV,30,0.01,0.009059615874969328,0.9438470127075504,0.995833654468833
phantom_010.npy,FBP,30,0.05,0.06888355497739766,0.22337361439552417,0.6021455576183794
phantom_010.npy,SIRT,30,0.05,0.02001852961826566,0.629015323128435,0.976865982791106
phantom_010.npy,SIRT-TV,30,0.05,0.011938340912332113,0.8534937065647323,0.991322935956773
phantom_010.npy,FBP,90,0.0,0.012084074824551304,0.6914717441018741,0.9921373019965322
phantom_010.npy,SIRT,90,0.0,0.009131047150440589,0.9272485842691411,0.9984261116252796
phantom_010.npy,SIRT-TV,90,0.0,0.007581320614572409,0.9613879689502457,0.9979660331078695
phantom_010.npy,FBP,90,0.01,0.01471551711204413,0.6176441587587813,0.9822643102375795
phantom_010.npy,SIRT,90,0.01,0.009853759568898158,0.9002009624474283,0.9982233340203108
phantom_010.npy,SIRT-TV,90,0.01,0.007611253661288507,0.9607135415221608,0.9978658474360442
phantom_010.npy,FBP,90,0.05,0.04145020496108898,0.30355544732697776,0.7654756992522187
phantom_010.npy,SIRT,90,0.05,0.020625338868745187,0.6164856010243839,0.9701733990268987
phantom_010.npy,SIRT-TV,90,0.05,0.008762148732244322,0.925018429182471,0.9950292845945043
phantom_010.npy,FBP,180,0.0,0.008103123952665962,0.8181343900199753,0.9982648816855638
phantom_010.npy,SIRT,180,0.0,0.007240631869408784,0.9590999965211302,0.9991004412460133
phantom_010.npy,SIRT-TV,180,0.0,0.007413128004259093,0.9618491503499174,0.9982237789923031
phantom_010.npy,FBP,180,0.01,0.010088208322371848,0.7483486168750286,0.9965851909900277
phantom_010.npy,SIRT,180,0.01,0.008063012924253706,0.9323667884220184,0.9986718702110705
phantom_010.npy,SIRT-TV,180,0.01,0.0074330799828588355,0.961525738325365,0.9975129408675969
phantom_010.npy,FBP,180,0.05,0.030175087307278164,0.3799126794176272,0.8642809099536547
phantom_010.npy,SIRT,180,0.05,0.01911637236849243,0.6467241666736097,0.9768038551936161
phantom_010.npy,SIRT-TV,180,0.05,0.007989314413955865,0.9453271283930393,0.9966341911194087
phantom_011.npy,FBP,10,0.0,0.04813664666031202,0.46498834059630667,0.7512157077566217
phantom_011.npy,SIRT,10,0.0,0.024483534807118203,0.6589869690786612,0.9612834871456116
phantom_011.npy,SIRT-TV,10,0.0,0.02144817082257488,0.7560807052260954,0.9716228521549843
phantom_011.npy,FBP,10,0.01,0.05330833846901521,0.4114606346034719,0.6936142201949528
phantom_011.npy,SIRT,10,0.01,0.024533534970890437,0.6573602958607101,0.9604530414645943
phantom_011.npy,SIRT-TV,10,0.01,0.02159867420311995,0.7534391452139766,0.9705853604568856
phantom_011.npy,FBP,10,0.05,0.11704955054706974,0.3025095333081828,0.4188973987442213
phantom_011.npy,SIRT,10,0.05,0.025659878061761437,0.626032648311124,0.9511258235439528
phantom_011.npy,SIRT-TV,10,0.05,0.023406321636355906,0.6956763764526762,0.9631081124705426
phantom_011.npy,FBP,30,0.0,0.024697222099097506,0.5544681978179309,0.9105671767698736
phantom_011.npy,SIRT,30,0.0,0.014822879332250722,0.8130491828905779,0.9929706099997936
phantom_011.npy,SIRT-TV,30,0.0,0.009224963550198527,0.9531987688431934,0.9981300210888446
phantom_011.npy,FBP,30,0.01,0.028512336932054398,0.5026668863066062,0.8799705068313002
phantom_011.npy,SIRT,30,0.01,0.01507348084857361,0.8047221636214051,0.9919198865811976
phantom_011.npy,SIRT-TV,30,0.01,0.009437385023120269,0.9477610016371323,0.997786317749213
phantom_011.npy,FBP,30,0.05,0.07040137608800236,0.3348514543263056,0.5505809703909292
phantom_011.npy,SIRT,30,0.05,0.020218107125018127,0.6832056169420186,0.9648055006911307
phantom_011.npy,SIRT-TV,30,0.05,0.012677945236596603,0.8683130075322576,0.9896566376592912
phantom_011.npy,FBP,90,0.0,0.011994389424309113,0.7420800712527241,0.985198632713475
phantom_011.npy,SIRT,90,0.0,0.009085114861228524,0.9345377464693931,0.9991758146170039
phantom_011.npy,SIRT-TV,90,0.0,0.007362755154903116,0.9699872293475513,0.9997804223716993
phantom_011.npy,FBP,90,0.01,0.014850201721008071,0.6771718707449826,0.9699700649410841
phantom_011.npy,SIRT,90,0.01,0.009883831827601684,0.9082829395469125,0.9986646774565368
phantom_011.npy,SIRT-TV,90,0.01,0.00740808247975,0.9692834694951893,0.9995609048837376
phantom_011.npy,FBP,90,0.05,0.042277548808649354,0.4039073795439027,0.7405044865380286
phantom_011.npy,SIRT,90,0.05,0.021436785027368708,0.6686226851795176,0.952627333524011
phantom_011.npy,SIRT-TV,90,0.05,0.008870598267747217,0.9297045567213507,0.9958638727532617
phantom_011.npy,FBP,180,0.0,0.007815995556166858,0.8478308190877598,0.9976844389066544
phantom_011.npy,SIRT,180,0.0,0.007101169305560015,0.9645301570273607,0.9995780893537155
phantom_011.npy,SIRT-TV,180,0.0,0.007188749232767371,0.9704385074819208,0.9998076097412514
phantom_011.npy,FBP,180,0.01,0.010015141788888208,0.7844239969149345,0.9938404087064858
phantom_011.npy,SIRT,180,0.01,0.008015211720900079,0.9373823405661197,0.9992560705297343
phantom_011.npy,SIRT-TV,180,0.01,0.007219438765563515,0.9700363945511599,0.9997261030330828
phantom_011.npy,FBP,180,0.05,0.03089684264394825,0.4712153061898741,0.8433617446316385
phantom_011.npy,SIRT,180,0.05,0.019876565842197547,0.6938474843068633,0.9608259275908573
phantom_011.npy,SIRT-TV,180,0.05,0.007985250590761987,0.9494919249406462,0.997715818230422
phantom_012.npy,FBP,10,0.0,0.05069570665026738,0.5160883020299238,0.6901681923767021
phantom_012.npy,SIRT,10,0.0,0.028533522960308075,0.6480547418457482,0.935650705414629
phantom_012.npy,SIRT-TV,10,0.0,0.025132952274237248,0.7184726143919268,0.9579067677996247
phantom_012.npy,FBP,10,0.01,0.056123737521069555,0.45906858210719304,0.6225561922383438
phantom_012.npy,SIRT,10,0.01,0.028582420003339517,0.6465236001766026,0.934776840205912
phantom_012.npy,SIRT-TV,10,0.01,0.025517408289130416,0.7145182304553638,0.9550997472566768
phantom_012.npy,FBP,10,0.05,0.12480979099120687,0.3685824523687083,0.4149211282472292
phantom_012.npy,SIRT,10,0.05,0.029730323013375724,0.6187565499426645,0.9228440077240369
phantom_012.npy,SIRT-TV,10,0.05,0.027016720133947722,0.6833558388178929,0.9452724805927759
phantom_012.npy,FBP,30,0.0,0.02642016899369431,0.5628640463411091,0.8763007881602912
phantom_012.npy,SIRT,30,0.0,0.01652299676945021,0.7889914611599137,0.9902819294894274
phantom_012.npy,SIRT-TV,30,0.0,0.009759277518073395,0.9535245903448966,0.996253250855875
phantom_012.npy,FBP,30,0.01,0.030321977557312058,0.521443115930708,0.8339222351154608
phantom_012.npy,SIRT,30,0.01,0.01677025673497887,0.7810595612436662,0.9895014347466426
phantom_012.npy,SIRT-TV,30,0.01,0.009970693941290673,0.947174956898118,0.9957200082269865
phantom_012.npy,FBP,30,0.05,0.07345142868899936,0.3957590367326271,0.5204554956384946
phantom_012.npy,SIRT,30,0.05,0.021886479696567884,0.6696355552702851,0.958566360992471
phantom_012.npy,SIRT-TV,30,0.05,0.013424731043197588,0.8473678427621545,0.9882115346765232
phantom_012.npy,FBP,90,0.0,0.012638317454728444,0.7221591467282198,0.9844060724486681
phantom_012.npy,SIRT,90,0.0,0.009864841493329696,0.9266524059267334,0.9989342222581978
phantom_012.npy,SIRT-TV,90,0.0,0.007719488895948301,0.9730193975049852,0.998221904374703
phantom_012.npy,FBP,90,0.01,0.015494283597412355,0.664525291111809,0.9655015752195253
phantom_012.npy,SIRT,90,0.01,0.01066343189645978,0.897183428124843,0.9983756183377366
phantom_012.npy,SIRT-TV,90,0.01,0.007764132471834153,0.9721717809880641,0.998136785201101
phantom_012.npy,FBP,90,0.05,0.044310398354495385,0.45028276816818813,0.6893456295466088
phantom_012.npy,SIRT,90,0.05,0.022669336554325216,0.6581261761850574,0.9428818635607321
phantom_012.npy,SIRT-TV,90,0.05,0.009311178850162617,0.9214696389950876,0.9942633420200391
phantom_012.npy,FBP,180,0.0,0.008207115847658718,0.829086312451106,0.9981984017723698
phantom_012.npy,SIRT,180,0.0,0.007756084188921179,0.9607989307392283,0.9994507394175386
phantom_012.npy,SIRT-TV,180,0.0,0.007470570943437731,0.9735493686645106,0.9983932004947766
phantom_012.npy,FBP,180,0.01,0.010438545155683711,0.7644186317460295,0.9939941308237659
phantom_012.npy,SIRT,180,0.01,0.008673658430871974,0.9300787096117402,0.9992532216313122
phantom_012.npy,SIRT-TV,180,0.01,0.007490297399606453,0.9731780738633802,0.9978946440724439
phantom_012.npy,FBP,180,0.05,0.03201132369459427,0.5026591888904912,0.7953635103239546
phantom_012.npy,SIRT,180,0.05,0.020937375514254623,0.6806350466737788,0.9531187122736419
phantom_012.npy,SIRT-TV,180,0.05,0.008265120120275497,0.9469518320931926,0.9959187171012364
phantom_013.npy,FBP,10,0.0,0.041270861079260465,0.5122981698457805,0.8132661276682115
phantom_013.npy,SIRT,10,0.0,0.022096048218067217,0.6791782888705014,0.9643822610937162
phantom_013.npy,SIRT-TV,10,0.0,0.01926446106447318,0.7787011746165544,0.9744445892692234
phantom_013.npy,FBP,10,0.01,0.04522787269052808,0.46089657074295676,0.7475135516665132
phantom_013.npy,SIRT,10,0.01,0.022130412872386547,0.678156551867047,0.964956570936903
phantom_013.npy,SIRT-TV,10,0.01,0.019361088411374367,0.7774794504447888,0.9745990158228814
phantom_013.npy,FBP,10,0.05,0.09730449656482341,0.3468741694457783,0.42956619397393636
phantom_013.npy,SIRT,10,0.05,0.02297697395309709,0.6552390897055543,0.9551523525960531
phantom_013.npy,SIRT-TV,10,0.05,0.020943302720136392,0.7179729110556341,0.9681517384857137
phantom_013.npy,FBP,30,0.0,0.02095439711476504,0.5942682257987153,0.9283602599407633
phantom_013.npy,SIRT,30,0.0,0.01333782587702354,0.8414457346768451,0.9936775685839068
phantom_013.npy,SIRT-TV,30,0.0,0.008324626428039572,0.9594216891276228,0.9986860794459682
phantom_013.npy,FBP,30,0.01,0.02374307404115194,0.5482940753780743,0.9054763122501942
phantom_013.npy,SIRT,30,0.01,0.013519300982197922,0.8353818014988872,0.9932349375155756
phantom_013.npy,SIRT-TV,30,0.01,0.008493997342750944,0.9556916165028657,0.9983844096935418
phantom_013.npy,FBP,30,0.05,0.05669379539979568,0.38078001555253016,0.596021691191271
phantom_013.npy,SIRT,30,0.05,0.017266888524487812,0.7336962850101758,0.9731162837085344
phantom_013.npy,SIRT-TV,30,0.05,0.010718997603904417,0.8989369722911105,0.992084034036695
phantom_013.npy,FBP,90,0.0,0.010061036022375361,0.7750908217898853,0.986586975191839
phantom_013.npy,SIRT,90,0.0,0.00814073479707679,0.9467370052435837,0.9994650803919757
phantom_013.npy,SIRT-TV,90,0.0,0.0065678558012505096,0.9762312991852521,0.9997647427854455
phantom_013.npy,FBP,90,0.01,0.012067365010850798,0.7214655837843758,0.9771061812476004
phantom_013.npy,SIRT,90,0.01,0.008718770450360003,0.9276398104798163,0.9992074249994399
phantom_013.npy,SIRT-TV,90,0.01,0.00659326171817414,0.9757008622332222,0.9996695298081313
phantom_013.npy,FBP,90,0.05,0.03358524970158076,0.45306609015269406,0.7873738670357637
phantom_013.npy,SIRT,90,0.05,0.01764921695320156,0.724292698685711,0.96674613404721
phantom_013.npy,SIRT-TV,90,0.05,0.007580604827103633,0.9470454941563821,0.9968945012922068
phantom_013.npy,FBP,180,0.0,0.006427273293604982,0.8716153355589014,0.9988760864264313
phantom_013.npy,SIRT,180,0.0,0.006387221182117695,0.9718010763733325,0.9997759354694152
phantom_013.npy,SIRT-TV,180,0.0,0.006429135575520546,0.9766035229101093,0.9997941456132711
phantom_013.npy,FBP,180,0.01,0.008032706216680464,0.8212837567561289,0.9961258998452602
phantom_013.npy,SIRT,180,0.01,0.007054902902974429,0.9520659244948455,0.9996680862863617
phantom_013.npy,SIRT-TV,180,0.01,0.006441841892317214,0.9763725381299315,0.9997451323071408
phantom_013.npy,FBP,180,0.05,0.024187133101613786,0.5237371371079305,0.8828047834554494
phantom_013.npy,SIRT,180,0.05,0.01629981795257461,0.7485940455150641,0.9721472183036501
phantom_013.npy,SIRT-TV,180,0.05,0.006946098785745203,0.9620864083202781,0.9982436286016818
phantom_014.npy,FBP,10,0.0,0.044997691575897864,0.5184562079137232,0.6869847811001507
phantom_014.npy,SIRT,10,0.0,0.025252522446847673,0.6471976352221857,0.9226413525959668
phantom_014.npy,SIRT-TV,10,0.0,0.021988530176609514,0.7309239874770714,0.9494702761834066
phantom_014.npy,FBP,10,0.01,0.04855911581537474,0.4628161356902528,0.6416884441113114
phantom_014.npy,SIRT,10,0.01,0.02528665499514019,0.6462805686686031,0.9231130919331523
phantom_014.npy,SIRT-TV,10,0.01,0.021769666099279706,0.7309164152694044,0.9508274746046208
phantom_014.npy,FBP,10,0.05,0.09780684735415415,0.3520917972687397,0.3965316226230438
phantom_014.npy,SIRT,10,0.05,0.026032735386742493,0.6259524920367681,0.9089101569292654
phantom_014.npy,SIRT-TV,10,0.05,0.023490278209670944,0.6893385747421505,0.9343607258203446
phantom_014.npy,FBP,30,0.0,0.021622554540965372,0.5666538542594506,0.8797264730381299
phantom_014.npy,SIRT,30,0.0,0.014352092035447258,0.8061980521695566,0.9874411684962077
phantom_014.npy,SIRT-TV,30,0.0,0.008189952956121653,0.966858203772295,0.9953742392981605
phantom_014.npy,FBP,30,0.01,0.024308237991953082,0.5295407050938838,0.8459868531939997
phantom_014.npy,SIRT,30,0.01,0.014520176600483069,0.8002378087175923,0.9870272861152019
phantom_014.npy,SIRT-TV,30,0.01,0.008306534179177318,0.963047037734406,0.9950201310163302
phantom_014.npy,FBP,30,0.05,0.05632021674938311,0.38568297661719353,0.5496139055953565
phantom_014.npy,SIRT,30,0.05,0.018091329145632485,0.7052465973915508,0.9632792134485519
phantom_014.npy,SIRT-TV,30,0.05,0.010594258668453533,0.8859507480971807,0.9885570101761741
phantom_014.npy,FBP,90,0.0,0.010319320734173427,0.7421832699563748,0.9861823635063734
phantom_014.npy,SIRT,90,0.0,0.008560444952417595,0.9405782600718096,0.9971125715791079
phantom_014.npy,SIRT-TV,90,0.0,0.006601328447153649,0.9799495178759912,0.9975119550904429
phantom_014.npy,FBP,90,0.01,0.01225672610347979,0.6921949852282256,0.9729047308895148
phantom_014.npy,SIRT,90,0.01,0.009105841076836029,0.9197585096621024,0.9966862899799721
phantom_014.npy,SIRT-TV,90,0.01,0.006625919949916311,0.9795279418515428,0.9974462835976563
phantom_014.npy,FBP,90,0.05,0.033295013322030685,0.45759318842361985,0.7308845350210459
phantom_014.npy,SIRT,90,0.05,0.017735053494878517,0.7088601578938531,0.9563027810412456
phantom_014.npy,SIRT-TV,90,0.05,0.00754220305603205,0.944068100489251,0.9938766371490956
phantom_014.npy,FBP,180,0.0,0.006532804603137957,0.8570510723901755,0.9965271316750981
phantom_014.npy,SIRT,180,0.0,0.006732262102646217,0.9701355013374211,0.9976553503794447
phantom_014.npy,SIRT-TV,180,0.0,0.006453916115838527,0.9802907980470268,0.9976021926769856
phantom_014.npy,FBP,180,0.01,0.008027196696870659,0.8034418534033703,0.9946896618922343
phantom_014.npy,SIRT,180,0.01,0.0073571009682440024,0.9493022516461236,0.9974058223335114
phantom_014.npy,SIRT-TV,180,0.01,0.006467821603449541,0.980090886291469,0.9975692705905996
phantom_014.npy,FBP,180,0.05,0.023764070192773504,0.5241065731124446,0.8386042383337209
phantom_014.npy,SIRT,180,0.05,0.016282193436965492,0.7341673321152287,0.966621833899732
phantom_014.npy,SIRT-TV,180,0.05,0.006854761482488035,0.9668957394548992,0.9954156844991856
phantom_015.npy,FBP,10,0.0,0.050458200319910836,0.47568649575216454,0.6920306506765175
phantom_015.npy,SIRT,10,0.0,0.024871896329261352,0.634546795023362,0.950624545090046
phantom_015.npy,SIRT-TV,10,0.0,0.021819339457983273,0.7243356469587943,0.9718856955053379
phantom_015.npy,FBP,10,0.01,0.05408691548490414,0.4189294678584988,0.6243782537671181
phantom_015.npy,SIRT,10,0.01,0.024912003168252154,0.6333081035586379,0.9506825766568863
phantom_015.npy,SIRT-TV,10,0.01,0.02198582993770666,0.721754525246106,0.9704085032841789
phantom_015.npy,FBP,10,0.05,0.10776286812242776,0.3075666004879959,0.40059117641855807
phantom_015.npy,SIRT,10,0.05,0.025824979403003188,0.6089468775458269,0.9387035262406099
phantom_015.npy,SIRT-TV,10,0.05,0.02317017247675835,0.6788906444660154,0.9622631966416212
phantom_015.npy,FBP,30,0.0,0.02476325493050962,0.5351406056178052,0.8762338690710617
phantom_015.npy,SIRT,30,0.0,0.015095296623439428,0.8010740159790548,0.9924010655457532
phantom_015.npy,SIRT-TV,30,0.0,0.00919658385247615,0.9616042124024609,0.996626128556476
phantom_015.npy,FBP,30,0.01,0.0275281161860568,0.4952437868785273,0.8481860324151564
phantom_015.npy,SIRT,30,0.01,0.015285180280263903,0.7942060240931067,0.9922665097062907
phantom_015.npy,SIRT-TV,30,0.01,0.009350574655942735,0.9564589808769233,0.9962479270607165
phantom_015.npy,FBP,30,0.05,0.06265881920620835,0.34225437224523136,0.5498006664286564
phantom_015.npy,SIRT,30,0.05,0.019322525594654825,0.6853305011191007,0.9676568225671024
phantom_015.npy,SIRT-TV,30,0.05,0.011684353498479842,0.8757721756904722,0.9906254928022709
phantom_015.npy,FBP,90,0.0,0.0114522186473499,0.7210706843608399,0.9854477590902171
phantom_015.npy,SIRT,90,0.0,0.009236699193706564,0.9349431392491702,0.9991137737037356
phantom_015.npy,SIRT-TV,90,0.0,0.007511566244438966,0.9739038765291386,0.9985771885752887
phantom_015.npy,FBP,90,0.01,0.013556899684248324,0.6676744645251623,0.9718240696314827
phantom_015.npy,SIRT,90,0.01,0.009846247174010139,0.9111600125367079,0.9986905995193697
phantom_015.npy,SIRT-TV,90,0.01,0.007537011577582022,0.9733439136176805,0.9984590378485635
phantom_015.npy,FBP,90,0.05,0.036801632041539425,0.4157668565899259,0.7316823962021426
phantom_015.npy,SIRT,90,0.05,0.019401390571933373,0.6798621155170858,0.9579052900138975
phantom_015.npy,SIRT-TV,90,0.05,0.008516369282551792,0.9342278835426029,0.9950575167578212
phantom_015.npy,FBP,180,0.0,0.007210557153084882,0.8421215729063296,0.9985288620896364
phantom_015.npy,SIRT,180,0.0,0.007319906990488422,0.966896972652406,0.9995547828439232
phantom_015.npy,SIRT-TV,180,0.0,0.007382399511283778,0.9742192903808358,0.9985983162907733
phantom_015.npy,FBP,180,0.01,0.008893954372533553,0.7837947554631711,0.996621778876738
phantom_015.npy,SIRT,180,0.01,0.008014824486337951,0.9427940915155288,0.999365947134081
phantom_015.npy,SIRT-TV,180,0.01,0.007398884923630423,0.9739259310961965,0.9985659622196484
phantom_015.npy,FBP,180,0.05,0.026306405496619886,0.48576118407340885,0.8418510036148501
phantom_015.npy,SIRT,180,0.05,0.01783229603731845,0.7069704603464573,0.9673971420284465
phantom_015.npy,SIRT-TV,180,0.05,0.007846808345778767,0.956884463905259,0.9964957826906589
phantom_016.npy,FBP,10,0.0,0.04556827559917332,0.3912244786582843,0.7699576278592969
phantom_016.npy,SIRT,10,0.0,0.02416116427963205,0.5976202654143232,0.9628672559753361
phantom_016.npy,SIRT-TV,10,0.0,0.02062737867504492,0.7027049015709594,0.975237117361279
phantom_016.npy,FBP,10,0.01,0.05057863407500132,0.33138786014239674,0.7110224237199749
phantom_016.npy,SIRT,10,0.01,0.024205368831457002,0.595929414820487,0.963728474109737
phantom_016.npy,SIRT-TV,10,0.01,0.020754398385061875,0.7000186669664881,0.9747496162873336
phantom_016.npy,FBP,10,0.05,0.1118635692288589,0.20488456225389287,0.45322987984717455
phantom_016.npy,SIRT,10,0.05,0.02525685793768172,0.5628385301497877,0.9555963490681615
phantom_016.npy,SIRT-TV,10,0.05,0.022552525509850475,0.6420024300870315,0.9683289939115948
phantom_016.npy,FBP,30,0.0,0.02363190551002626,0.4815279074637926,0.9211275935738512
phantom_016.npy,SIRT,30,0.0,0.014712511790692323,0.7798420501933176,0.9930908080977213
phantom_016.npy,SIRT-TV,30,0.0,0.008927738339305567,0.9445867968566286,0.9965075458905658
phantom_016.npy,FBP,30,0.01,0.02711423968781233,0.4276853344418502,0.8905646045316665
phantom_016.npy,SIRT,30,0.01,0.014930089672662041,0.771957776562276,0.9929716972142564
phantom_016.npy,SIRT-TV,30,0.01,0.009063604377990133,0.9406663402908824,0.9963043733758178
phantom_016.npy,FBP,30,0.05,0.06598747416330705,0.24312950381326687,0.5895614867041266
phantom_016.npy,SIRT,30,0.05,0.019422953085318172,0.6432742494027952,0.9748439933718319
phantom_016.npy,SIRT-TV,30,0.05,0.011812489289052527,0.8545179522410049,0.9917436741353363
phantom_016.npy,FBP,90,0.0,0.011416851554278283,0.7070563151091104,0.9919592429330388
phantom_016.npy,SIRT,90,0.0,0.008857123419811264,0.932065739435902,0.9988634979499678
phantom_016.npy,SIRT-TV,90,0.0,0.007456607040080549,0.9622188383839766,0.9984792067735647
phantom_016.npy,FBP,90,0.01,0.01396134569391033,0.6357511101031043,0.9821718121103332
phantom_016.npy,SIRT,90,0.01,0.009559896923048905,0.9063262625766687,0.9985655483983971
phantom_016.npy,SIRT-TV,90,0.01,0.007486547791794005,0.961620400047019,0.9978680695928023
phantom_016.npy,FBP,90,0.05,0.039906349193626296,0.3239317670213897,0.7590767088106205
phantom_016.npy,SIRT,90,0.05,0.02006815515830205,0.6340947339127423,0.9671595513022834
phantom_016.npy,SIRT-TV,90,0.05,0.008488168697380094,0.9274299617814387,0.9956152824941937
phantom_016.npy,FBP,180,0.0,0.007594282347940286,0.8315751254441675,0.9989519974525477
phantom_016.npy,SIRT,180,0.0,0.006993346618615637,0.9627318636984747,0.9994169413285883
phantom_016.npy,SIRT-TV,180,0.0,0.007310331400123856,0.9626626055526866,0.9986780896886972
phantom_016.npy,FBP,180,0.01,0.009552413654339835,0.763446961733665,0.997008606939023
phantom_016.npy,SIRT,180,0.01,0.007792059195523176,0.9372325111967135,0.9992687761367207
phantom_016.npy,SIRT-TV,180,0.01,0.007320037720970544,0.9624632221110407,0.9984129634136775
phantom_016.npy,FBP,180,0.05,0.02899996498036054,0.40258178553130597,0.8609397276626802
phantom_016.npy,SIRT,180,0.05,0.018593939604192578,0.6646362854546914,0.9751998872494975
phantom_016.npy,SIRT-TV,180,0.05,0.00783777159155545,0.9466458914905787,0.9969874005771803
phantom_017.npy,FBP,10,0.0,0.038308004511234645,0.4345767143014303,0.8250209434183706
phantom_017.npy,SIRT,10,0.0,0.020897862269878466,0.6291486659178549,0.9645330880913121
phantom_017.npy,SIRT-TV,10,0.0,0.017469319253093835,0.7484215736178824,0.9755063557217822
phantom_017.npy,FBP,10,0.01,0.042392945560314844,0.3767532830698312,0.7673357849199045
phantom_017.npy,SIRT,10,0.01,0.020935136475732793,0.6280879280806461,0.9624680847631045
phantom_017.npy,SIRT-TV,10,0.01,0.017498778731394285,0.7462183986387243,0.9752995376656879
phantom_017.npy,FBP,10,0.05,0.09274543436611105,0.24186937755248794,0.44790292719389146
phantom_017.npy,SIRT,10,0.05,0.021755463961462516,0.6035480271091427,0.9555125362556686
phantom_017.npy,SIRT-TV,10,0.05,0.01942956879674072,0.6781688781119697,0.9689237221096434
phantom_017.npy,FBP,30,0.0,0.019846769167566114,0.5332601261013991,0.9353599904602392
phantom_017.npy,SIRT,30,0.0,0.012800957267344742,0.8292377439300688,0.994386256367377
phantom_017.npy,SIRT-TV,30,0.0,0.00786421672072952,0.9616809496787526,0.998250945342042
phantom_017.npy,FBP,30,0.01,0.022745062944190663,0.48158207271487163,0.9135312250226102
phantom_017.npy,SIRT,30,0.01,0.012984733937230196,0.8222712625842157,0.9936196743644393
phantom_017.npy,SIRT-TV,30,0.01,0.007989608036686736,0.9582660230072784,0.9978610331374905
phantom_017.npy,FBP,30,0.05,0.05594256960098292,0.2827964792520185,0.6116597178593866
phantom_017.npy,SIRT,30,0.05,0.01680911603870963,0.7085144647072394,0.9747851330595527
phantom_017.npy,SIRT-TV,30,0.05,0.01009459272016403,0.9025552548982836,0.9918529774724875
phantom_017.npy,FBP,90,0.0,0.009584935911619302,0.758220456378661,0.9907903768723597
phantom_017.npy,SIRT,90,0.0,0.007728588622244671,0.9478156442612251,0.9993809838230439
phantom_017.npy,SIRT-TV,90,0.0,0.006338773697844813,0.9743526745196001,0.9994334932019184
phantom_017.npy,FBP,90,0.01,0.011699101364238157,0.6955358313961129,0.9814699455580812
phantom_017.npy,SIRT,90,0.01,0.008326767711864356,0.9277138858088689,0.999064798464069
phantom_017.npy,SIRT-TV,90,0.01,0.006367846078096479,0.9738770178851508,0.9992904914858979
phantom_017.npy,FBP,90,0.05,0.033239573724213364,0.37387483683535166,0.8014022537003918
phantom_017.npy,SIRT,90,0.05,0.017295155482382033,0.7046842696866704,0.9677313761507601
phantom_017.npy,SIRT-TV,90,0.05,0.007302697542775653,0.9471553293665197,0.9964906102156121
phantom_017.npy,FBP,180,0.0,0.00616241403588477,0.8708949131974436,0.9989869738044639
phantom_017.npy,SIRT,180,0.0,0.006069762517638744,0.972354250159855,0.9997042376553612
phantom_017.npy,SIRT-TV,180,0.0,0.006198911059935085,0.9747202378606659,0.999482989530538
phantom_017.npy,FBP,180,0.01,0.007788815158377668,0.814278722517916,0.9969855335908505
phantom_017.npy,SIRT,180,0.01,0.006747045509651656,0.9525710903228887,0.9995900680927161
phantom_017.npy,SIRT-TV,180,0.01,0.006211942267256196,0.9745450466141429,0.9994403213408085
phantom_017.npy,FBP,180,0.05,0.023767423786687877,0.46200956154939576,0.8925296722471892
phantom_017.npy,SIRT,180,0.05,0.01590430271622086,0.7334983146737315,0.9755648166066576
phantom_017.npy,SIRT-TV,180,0.05,0.006654123851158,0.9610805317000424,0.9977910561830495
phantom_018.npy,FBP,10,0.0,0.03930605634119144,0.4270313252768738,0.8316618303054625
phantom_018.npy,SIRT,10,0.0,0.020314815589655012,0.641734056555354,0.9741638185418952
phantom_018.npy,SIRT-TV,10,0.0,0.016810453504953155,0.7534616259672817,0.9812824926454136
phantom_018.npy,FBP,10,0.01,0.044109716491903275,0.3685300387510485,0.7702729132890475
phantom_018.npy,SIRT,10,0.01,0.02035407043128776,0.6402749744293903,0.9745096221444519
phantom_018.npy,SIRT-TV,10,0.01,0.016869007241113905,0.751999056641109,0.9811681265018216
phantom_018.npy,FBP,10,0.05,0.09960488227048597,0.2441296476149098,0.49157612552059066
phantom_018.npy,SIRT,10,0.05,0.021321880359293013,0.6082194242779352,0.9659721215762644
phantom_018.npy,SIRT-TV,10,0.05,0.018923341912696522,0.6896505560494162,0.9765848484731184
phantom_018.npy,FBP,30,0.0,0.020908251592012105,0.5278294347110966,0.9467718212217126
phantom_018.npy,SIRT,30,0.0,0.012682452841823852,0.8163980799366432,0.9941353587731652
phantom_018.npy,SIRT-TV,30,0.0,0.007810778732004476,0.9574073909136447,0.9976807456857856
phantom_018.npy,FBP,30,0.01,0.02416084828321989,0.46980709182019975,0.9225304918911674
phantom_018.npy,SIRT,30,0.01,0.01288409130703412,0.8084260511696656,0.9939741901810089
phantom_018.npy,SIRT-TV,30,0.01,0.00790268516178858,0.9549744728168763,0.9970433768510691
phantom_018.npy,FBP,30,0.05,0.06031302156114234,0.2821584404467772,0.6284028872657851
phantom_018.npy,SIRT,30,0.05,0.017023264758084234,0.6799047811123431,0.9814930726390348
phantom_018.npy,SIRT-TV,30,0.05,0.010274617109853256,0.8832063350588123,0.9928680152956647
phantom_018.npy,FBP,90,0.0,0.010586610173635,0.7389163237617027,0.9935173547042317
phantom_018.npy,SIRT,90,0.0,0.007800846745155069,0.9407897826244913,0.9988882331141826
phantom_018.npy,SIRT-TV,90,0.0,0.00670701213051903,0.9661806945789763,0.9989583037304094
phantom_018.npy,FBP,90,0.01,0.012859389523303141,0.6692844294995217,0.9874944972846735
phantom_018.npy,SIRT,90,0.01,0.008436926038562602,0.9185736183606071,0.998872235014455
phantom_018.npy,SIRT-TV,90,0.01,0.006732945643331483,0.9657568303959796,0.9989201117909682
phantom_018.npy,FBP,90,0.05,0.03643796265914692,0.36195733611923653,0.7979850570625401
phantom_018.npy,SIRT,90,0.05,0.01789036360202295,0.6667057134184995,0.9785514291269687
phantom_018.npy,SIRT-TV,90,0.05,0.007606116996602286,0.940222983852298,0.9963239718715846
phantom_018.npy,FBP,180,0.0,0.007117016699303138,0.8484001708711999,0.9988630093138978
phantom_018.npy,SIRT,180,0.0,0.006207003496422066,0.9661363221735099,0.9995653764987398
phantom_018.npy,SIRT-TV,180,0.0,0.006605632951448754,0.966607097175016,0.9990366268021597
phantom_018.npy,FBP,180,0.01,0.008836991471523458,0.7870466266569922,0.9979592938508881
phantom_018.npy,SIRT,180,0.01,0.006929152767406566,0.9445381877655531,0.9994506421600751
phantom_018.npy,SIRT-TV,180,0.01,0.0066212529514433046,0.9663595047289171,0.9987733235094705
phantom_018.npy,FBP,180,0.05,0.02641657212850551,0.43960770406971894,0.8910886924754701
phantom_018.npy,SIRT,180,0.05,0.016624280434172738,0.6949281880447382,0.9837336093454264
phantom_018.npy,SIRT-TV,180,0.05,0.0070525457927396494,0.9551147140655877,0.9977327816272066
phantom_019.npy,FBP,10,0.0,0.06178564155427192,0.5503928019688029,0.17828130619736826
phantom_019.npy,SIRT,10,0.0,0.03253743373187582,0.7245930789036976,0.07439631355043212
phantom_019.npy,SIRT-TV,10,0.0,0.029226741873495176,0.7917539635967528,0.07496033474167284
phantom_019.npy,FBP,10,0.01,0.06731994128745726,0.4953850216828656,0.15354695611642996
phantom_019.npy,SIRT,10,0.01,0.032596908471355414,0.7237920575933245,0.07465276016355021
phantom_019.npy,SIRT-TV,10,0.01,0.0292765826931011,0.790310777347083,0.07465537138726491
phantom_019.npy,FBP,10,0.05,0.14342307421840197,0.32436683820784884,0.1159517748210769
phantom_019.npy,SIRT,10,0.05,0.03388743325793386,0.7038852031749047,0.07555705032258728
phantom_019.npy,SIRT-TV,10,0.05,0.03102030756512723,0.7530938556946847,0.07535749491121836
phantom_019.npy,FBP,30,0.0,0.03182303709331408,0.6406339755184435,0.9507081051301164
phantom_019.npy,SIRT,30,0.0,0.01986330522993485,0.8663632072731935,0.0750357513389227
phantom_019.npy,SIRT-TV,30,0.0,0.012899447243543206,0.9649739551280223,0.07437784734803406
phantom_019.npy,FBP,30,0.01,0.035737076669278556,0.599635233824507,0.08172829977038557
phantom_019.npy,SIRT,30,0.01,0.0201330324770037,0.8613502934692566,0.07541928788325283
phantom_019.npy,SIRT-TV,30,0.01,0.013185250564143722,0.9607683292673472,0.07444521445300446
phantom_019.npy,FBP,30,0.05,0.08355483537608965,0.38478421418330516,0.12877305316318707
phantom_019.npy,SIRT,30,0.05,0.02575313351031986,0.7792173701798627,0.07428740178348323
phantom_019.npy,SIRT-TV,30,0.05,0.017388448129394888,0.9012353438605534,0.07356458582743289
phantom_019.npy,FBP,90,0.0,0.014864101151098123,0.8166546584661545,0.9994225347328374
phantom_019.npy,SIRT,90,0.0,0.011712633721028643,0.9622208629292122,0.9920393982324766
phantom_019.npy,SIRT-TV,90,0.0,0.009149826828373895,0.9869822917392268,0.994484485500626
phantom_019.npy,FBP,90,0.01,0.017935536608821554,0.7717983544742297,0.9990830984480592
phantom_019.npy,SIRT,90,0.01,0.012600091415515857,0.9473008460850729,0.9920728622027324
phantom_019.npy,SIRT-TV,90,0.01,0.00920932682464279,0.9864557976615963,0.993844696969697
phantom_019.npy,FBP,90,0.05,0.04929406150686747,0.4972711985949039,0.1024325020717703
phantom_019.npy,SIRT,90,0.05,0.02607453184115198,0.7775352589654517,0.07131245048419492
phantom_019.npy,SIRT-TV,90,0.05,0.011562114142020703,0.9523340335976933,0.9871510258997646
phantom_019.npy,FBP,180,0.0,0.00930795507646106,0.9053574692441484,0.9996941999932044
phantom_019.npy,SIRT,180,0.0,0.009256982545462781,0.9809201703161986,0.9978968792401628
phantom_019.npy,SIRT-TV,180,0.0,0.008964348254394239,0.9873010930774744,0.9960021683154899
phantom_019.npy,FBP,180,0.01,0.011812859985146407,0.8627037655298866,0.9997281685355079
phantom_019.npy,SIRT,180,0.01,0.010270132440622819,0.9663253056290184,0.9979307303504189
phantom_019.npy,SIRT-TV,180,0.01,0.008989264785272049,0.9870633540717573,0.9952943566132909
phantom_019.npy,FBP,180,0.05,0.0355360000015705,0.586584012207563,0.08544497632656853
phantom_019.npy,SIRT,180,0.05,0.024123521352066895,0.7990634864020325,0.99354795122116
phantom_019.npy,SIRT-TV,180,0.05,0.01000154552269298,0.9718285985186499,0.9913671005597896
phantom_020.npy,FBP,10,0.0,0.04151196964304396,0.47471374313001735,0.7929713530168865
phantom_020.npy,SIRT,10,0.0,0.024464811176589666,0.6498162060629697,0.951356386631396
phantom_020.npy,SIRT-TV,10,0.0,0.021039616451723305,0.7510878645824728,0.9674999819350674
phantom_020.npy,FBP,10,0.01,0.04628817816183226,0.41979190378351877,0.7277374686530474
phantom_020.npy,SIRT,10,0.01,0.02450574899271731,0.6485586585774299,0.9495995536983444
phantom_020.npy,SIRT-TV,10,0.01,0.02123026585371206,0.7491941619228764,0.9662614768656492
phantom_020.npy,FBP,10,0.05,0.10547664026936496,0.30263874118308265,0.434194717132444
phantom_020.npy,SIRT,10,0.05,0.025441680090716904,0.6228496353337951,0.9420315425139518
phantom_020.npy,SIRT-TV,10,0.05,0.022929385069796245,0.6908495086157429,0.9580026974374345
phantom_020.npy,FBP,30,0.0,0.02180092174100663,0.5583351574182958,0.924127880279001
phantom_020.npy,SIRT,30,0.0,0.014083895424243903,0.8196453177810119,0.993827739252729
phantom_020.npy,SIRT-TV,30,0.0,0.008381958926953854,0.9565144929890056,0.998389450964686
phantom_020.npy,FBP,30,0.01,0.02496930935562111,0.5100202617901739,0.8969303313848176
phantom_020.npy,SIRT,30,0.01,0.014286530535153484,0.812589823486927,0.9931712819465615
phantom_020.npy,SIRT-TV,30,0.01,0.008545106725010852,0.9523480205521576,0.998068978943718
phantom_020.npy,FBP,30,0.05,0.06187926111842026,0.3373696504207213,0.5870232442022997
phantom_020.npy,SIRT,30,0.05,0.01845968174321552,0.7008030912710973,0.9725586989539565
phantom_020.npy,SIRT-TV,30,0.05,0.011071212501772657,0.8813493344734555,0.9921716876848825
phantom_020.npy,FBP,90,0.0,0.010684566777066968,0.7485363123678843,0.9897450036476849
phantom_020.npy,SIRT,90,0.0,0.008449710949067211,0.9407661913856205,0.9994388443846095
phantom_020.npy,SIRT-TV,90,0.0,0.006797877927873629,0.9713821551197424,0.9996774786375238
phantom_020.npy,FBP,90,0.01,0.013009251278258877,0.6901949998330157,0.9785228494476031
phantom_020.npy,SIRT,90,0.01,0.009098851413026302,0.9186142867388847,0.9991736935169624
phantom_020.npy,SIRT-TV,90,0.01,0.006824389219656188,0.970825769152934,0.9994912155566321
phantom_020.npy,FBP,90,0.05,0.03673409597400125,0.4134936469626412,0.7666281819516815
phantom_020.npy,SIRT,90,0.05,0.018880976111976765,0.6929769525210318,0.96521253792098
phantom_020.npy,SIRT-TV,90,0.05,0.007836699201231118,0.9392062953432783,0.9965002202573482
phantom_020.npy,FBP,180,0.0,0.006992952576851455,0.854908414373311,0.9990731911089676
phantom_020.npy,SIRT,180,0.0,0.006690153503716225,0.9677747273946984,0.999756571948812
phantom_020.npy,SIRT-TV,180,0.0,0.006677900630828606,0.9717234278359443,0.9997188614741639
phantom_020.npy,FBP,180,0.01,0.008794021386107746,0.797702854186197,0.9965867477034629
phantom_020.npy,SIRT,180,0.01,0.007433832624193797,0.9452333154971888,0.999655543018782
phantom_020.npy,SIRT-TV,180,0.01,0.006693656534415356,0.9715037361151445,0.9996434338898442
phantom_020.npy,FBP,180,0.05,0.026508385335980527,0.486937073273634,0.8672934227527226
phantom_020.npy,SIRT,180,0.05,0.01749971136945608,0.7189180192831452,0.9719553042944874
phantom_020.npy,SIRT-TV,180,0.05,0.007238710744337768,0.9546835986637754,0.9978560549707018
